id,name,species,equippable,kind,mp_cost,power_multiplier,damage_variance,cast_seconds,active_seconds,recovery_seconds,cooldown_seconds,range,melee_width,projectile_speed,projectile_radius,projectile_lifetime_seconds,movement_while_casting,rush_speed_multiplier,auto_weight,animation,effect,visual_scale
tackle,Tackle,botamon,false,melee,0,1,0.1,0.666667,0.1,0.433333,1.4,58,12,0,0,0,false,0,70,basic_attack,impact,1
headbutt,Headbutt,koromon,false,melee,0,1,0.1,0.666667,0.1,0.433333,1.4,58,12,0,0,0,false,0,70,basic_attack,impact,1
claw,Claw,agumon,false,melee,0,1,0.1,0.666667,0.1,0.433333,1.4,58,12,0,0,0,false,0,70,basic_attack,impact,1
pepper_breath,Pepper Breath,agumon,true,projectile,12,1.5,0.1,0.9,0.033333,0.733333,2.8,270,0,210,4,2,false,0,48,special_attack,fire,1
quick_bite,Quick Bite,agumon,true,melee,4,1.15,0.1,0.45,0.1,0.45,2,58,12,0,0,0,false,0,70,basic_attack,impact,1
heavy_claw,Heavy Claw,agumon,true,melee,8,1.8,0.1,1,0.1,0.7,3,65,18,0,0,0,false,0,60,basic_attack,impact,1.25
acid_bubbles,Acid Bubbles,botamon,false,projectile,12,1.3,0.1,0.9,0.033333,0.733333,2.8,270,0,180,6,2,false,0,48,special_attack,bubble,1
bubble_blow,Bubble Blow,koromon,false,projectile,12,1.4,0.1,0.9,0.033333,0.733333,2.8,270,0,195,6,2,false,0,48,special_attack,bubble,1
opening_tackle,Opening Tackle,botamon|koromon|agumon,false,rush,0,1.35,0.1,0.8,0.65,0.9,5,170,28,0,0,0,false,2.5,100,basic_attack,rush,1
